,,,,,,,,,
,Channel Runtime,,,,,,,,
,,,,,,,,,
,Report Generation Time:,,"Friday, March 27, 2026 9:59 AM",,,,,,
,,,,,,,,,
,Site:,,Untitled,,,,,,
,,,,,,,,,
,Reporting Period Start Time:,,"Thursday, January 1, 2026 12:00 AM",,,,,,
,,,,,,,,,
,Reporting Period End Time:,,"Friday, March 27, 2026 9:59 AM",,,,,,
,,,,,,,,,
,Reporting Period Duration:,,12 weeks 1 day,,,,,,
,,,,,,,,,
,Fixture Name,Area Name,,Circuit Name,Hours On In Period,,Notional Energy (kWh),Hours On Running Total,Lamp Life Remaining
,Area 10 LCP-IW(OF)-01,,,,,,,,
,Box:17 PC:1,Area 10 LCP-IW(OF)-01,,A11,No data,,7.339,No data,"20,000"
,Box:17 PC:1,Area 10 LCP-IW(OF)-01,,A11,No data,,7.339,No data,"20,000"
,Box:17 PC:2,Area 10 LCP-IW(OF)-01,,B11 MOTION,No data,,5.523,No data,"20,000"
,Box:17 PC:2,Area 10 LCP-IW(OF)-01,,B11 MOTION,No data,,5.523,No data,"20,000"
,Box:17 PC:2,Area 10 LCP-IW(OF)-01,,B11 MOTION,No data,,5.523,No data,"20,000"
,Box:17 PC:2,Area 10 LCP-IW(OF)-01,,B11 MOTION,No data,,5.523,No data,"20,000"
,Box:17 PC:2,Area 10 LCP-IW(OF)-01,,B11 MOTION,No data,,5.523,No data,"20,000"
,Box:17 PC:2,Area 10 LCP-IW(OF)-01,,B11 MOTION,No data,,5.523,No data,"20,000"
,Box:17 PC:2,Area 10 LCP-IW(OF)-01,,B11 MOTION,No data,,5.523,No data,"20,000"
,Box:17 PC:2,Area 10 LCP-IW(OF)-01,,B11 MOTION,No data,,5.523,No data,"20,000"
,Box:17 PC:2,Area 10 LCP-IW(OF)-01,,B11 MOTION,No data,,5.523,No data,"20,000"
,Box:17 PC:2,Area 10 LCP-IW(OF)-01,,B11 MOTION,No data,,5.523,No data,"20,000"
,Box:17 PC:3,Area 10 LCP-IW(OF)-01,,C11 MOTION,No data,,5.523,No data,"20,000"
,Box:17 PC:3,Area 10 LCP-IW(OF)-01,,C11 MOTION,No data,,5.523,No data,"20,000"
,Box:17 PC:3,Area 10 LCP-IW(OF)-01,,C11 MOTION,No data,,5.523,No data,"20,000"
,Box:17 PC:3,Area 10 LCP-IW(OF)-01,,C11 MOTION,No data,,5.523,No data,"20,000"
,Box:17 PC:3,Area 10 LCP-IW(OF)-01,,C11 MOTION,No data,,5.523,No data,"20,000"
,Box:17 PC:3,Area 10 LCP-IW(OF)-01,,C11 MOTION,No data,,5.523,No data,"20,000"
,Box:17 PC:3,Area 10 LCP-IW(OF)-01,,C11 MOTION,No data,,5.523,No data,"20,000"
,Box:18 PC:1,Area 10 LCP-IW(OF)-01,,E2 MOTION,No data,,5.523,No data,"20,000"
,Box:18 PC:1,Area 10 LCP-IW(OF)-01,,E2 MOTION,No data,,5.523,No data,"20,000"
,Box:18 PC:1,Area 10 LCP-IW(OF)-01,,E2 MOTION,No data,,5.523,No data,"20,000"
,Box:18 PC:1,Area 10 LCP-IW(OF)-01,,E2 MOTION,No data,,5.523,No data,"20,000"
,Box:18 PC:1,Area 10 LCP-IW(OF)-01,,E2 MOTION,No data,,5.523,No data,"20,000"
,Box:18 PC:1,Area 10 LCP-IW(OF)-01,,E2 MOTION,No data,,5.523,No data,"20,000"
,Box:18 PC:1,Area 10 LCP-IW(OF)-01,,E2 MOTION,No data,,5.523,No data,"20,000"
,Area 2  LCP-OW-01,,,,,,,,
,Box:2 PC:1,Area 2  LCP-OW-01,,Q1,No data,,11.337,No data,"20,000"
,Box:2 PC:1,Area 2  LCP-OW-01,,Q1,No data,,11.337,No data,"20,000"
,Box:2 PC:1,Area 2  LCP-OW-01,,Q1,No data,,11.337,No data,"20,000"
,Box:2 PC:1,Area 2  LCP-OW-01,,Q1,No data,,11.337,No data,"20,000"
,Box:2 PC:1,Area 2  LCP-OW-01,,Q1,No data,,11.337,No data,"20,000"
,Box:2 PC:1,Area 2  LCP-OW-01,,Q1,No data,,11.337,No data,"20,000"
,Box:2 PC:1,Area 2  LCP-OW-01,,Q1,No data,,11.337,No data,"20,000"
,Box:2 PC:1,Area 2  LCP-OW-01,,Q1,No data,,11.337,No data,"20,000"
,Box:2 PC:1,Area 2  LCP-OW-01,,Q1,No data,,11.337,No data,"20,000"
,Box:2 PC:1,Area 2  LCP-OW-01,,Q1,No data,,11.337,No data,"20,000"
,Box:2 PC:1,Area 2  LCP-OW-01,,Q1,No data,,11.337,No data,"20,000"
,Box:2 PC:1,Area 2  LCP-OW-01,,Q1,No data,,11.337,No data,"20,000"
,Box:2 PC:1,Area 2  LCP-OW-01,,Q1,No data,,11.337,No data,"20,000"
,Box:2 PC:1,Area 2  LCP-OW-01,,Q1,No data,,11.337,No data,"20,000"
,Box:2 PC:1,Area 2  LCP-OW-01,,Q1,No data,,11.337,No data,"20,000"
,Box:2 PC:1,Area 2  LCP-OW-01,,Q1,No data,,11.337,No data,"20,000"
,Box:2 PC:1,Area 2  LCP-OW-01,,Q1,No data,,11.337,No data,"20,000"
,Box:2 PC:1,Area 2  LCP-OW-01,,Q1,No data,,11.337,No data,"20,000"
,Box:2 PC:1,Area 2  LCP-OW-01,,Q1,No data,,11.337,No data,"20,000"
,Box:2 PC:1,Area 2  LCP-OW-01,,Q1,No data,,11.337,No data,"20,000"
,Box:2 PC:2,Area 2  LCP-OW-01,,R1,No data,,12.153,No data,"20,000"
,Box:2 PC:2,Area 2  LCP-OW-01,,R1,No data,,12.153,No data,"20,000"
,Box:2 PC:2,Area 2  LCP-OW-01,,R1,No data,,12.153,No data,"20,000"
,Box:2 PC:2,Area 2  LCP-OW-01,,R1,No data,,12.153,No data,"20,000"
,Box:2 PC:2,Area 2  LCP-OW-01,,R1,No data,,12.153,No data,"20,000"
,Box:2 PC:2,Area 2  LCP-OW-01,,R1,No data,,12.153,No data,"20,000"
,Box:2 PC:2,Area 2  LCP-OW-01,,R1,No data,,12.153,No data,"20,000"
,Box:2 PC:2,Area 2  LCP-OW-01,,R1,No data,,12.153,No data,"20,000"
,Box:2 PC:2,Area 2  LCP-OW-01,,R1,No data,,12.153,No data,"20,000"
,Box:2 PC:2,Area 2  LCP-OW-01,,R1,No data,,12.153,No data,"20,000"
,Box:2 PC:2,Area 2  LCP-OW-01,,R1,No data,,12.153,No data,"20,000"
,Box:2 PC:2,Area 2  LCP-OW-01,,R1,No data,,12.153,No data,"20,000"
,Box:2 PC:2,Area 2  LCP-OW-01,,R1,No data,,12.153,No data,"20,000"
,Box:2 PC:2,Area 2  LCP-OW-01,,R1,No data,,12.153,No data,"20,000"
,Box:2 PC:2,Area 2  LCP-OW-01,,R1,No data,,12.153,No data,"20,000"
,Box:2 PC:2,Area 2  LCP-OW-01,,R1,No data,,12.153,No data,"20,000"
,Box:2 PC:2,Area 2  LCP-OW-01,,R1,No data,,12.153,No data,"20,000"
,Box:2 PC:3,Area 2  LCP-OW-01,,S1,No data,,12.099,No data,"20,000"
,Box:2 PC:3,Area 2  LCP-OW-01,,S1,No data,,12.099,No data,"20,000"
,Box:2 PC:3,Area 2  LCP-OW-01,,S1,No data,,12.099,No data,"20,000"
,Box:2 PC:3,Area 2  LCP-OW-01,,S1,No data,,12.099,No data,"20,000"
,Box:2 PC:3,Area 2  LCP-OW-01,,S1,No data,,12.099,No data,"20,000"
,Box:2 PC:3,Area 2  LCP-OW-01,,S1,No data,,12.099,No data,"20,000"
,Box:2 PC:3,Area 2  LCP-OW-01,,S1,No data,,12.099,No data,"20,000"
,Box:2 PC:3,Area 2  LCP-OW-01,,S1,No data,,12.099,No data,"20,000"
,Box:2 PC:3,Area 2  LCP-OW-01,,S1,No data,,12.099,No data,"20,000"
,Box:2 PC:3,Area 2  LCP-OW-01,,S1,No data,,12.099,No data,"20,000"
,Box:2 PC:3,Area 2  LCP-OW-01,,S1,No data,,12.099,No data,"20,000"
,Box:2 PC:3,Area 2  LCP-OW-01,,S1,No data,,12.099,No data,"20,000"
,Box:2 PC:3,Area 2  LCP-OW-01,,S1,No data,,12.099,No data,"20,000"
,Box:2 PC:3,Area 2  LCP-OW-01,,S1,No data,,12.099,No data,"20,000"
,Box:2 PC:3,Area 2  LCP-OW-01,,S1,No data,,12.099,No data,"20,000"
,Box:2 PC:3,Area 2  LCP-OW-01,,S1,No data,,12.099,No data,"20,000"
,Box:2 PC:3,Area 2  LCP-OW-01,,S1,No data,,12.099,No data,"20,000"
,Box:2 PC:3,Area 2  LCP-OW-01,,S1,No data,,12.099,No data,"20,000"
,Box:2 PC:3,Area 2  LCP-OW-01,,S1,No data,,12.099,No data,"20,000"
,Box:2 PC:5,Area 2  LCP-OW-01,,U1,No data,,11.705,No data,"20,000"
,Box:2 PC:5,Area 2  LCP-OW-01,,U1,No data,,11.705,No data,"20,000"
,Box:2 PC:5,Area 2  LCP-OW-01,,U1,No data,,11.705,No data,"20,000"
,Box:2 PC:5,Area 2  LCP-OW-01,,U1,No data,,11.705,No data,"20,000"
,Box:2 PC:5,Area 2  LCP-OW-01,,U1,No data,,11.705,No data,"20,000"
,Box:2 PC:5,Area 2  LCP-OW-01,,U1,No data,,11.705,No data,"20,000"
,Box:2 PC:5,Area 2  LCP-OW-01,,U1,No data,,11.705,No data,"20,000"
,Box:2 PC:5,Area 2  LCP-OW-01,,U1,No data,,11.705,No data,"20,000"
,Box:2 PC:5,Area 2  LCP-OW-01,,U1,No data,,11.705,No data,"20,000"
,Box:2 PC:5,Area 2  LCP-OW-01,,U1,No data,,11.705,No data,"20,000"
,Box:2 PC:9,Area 2  LCP-OW-01,,Z1,No data,,8.688,No data,"20,000"
,Box:2 PC:9,Area 2  LCP-OW-01,,Z1,No data,,8.688,No data,"20,000"
,Box:2 PC:9,Area 2  LCP-OW-01,,Z1,No data,,8.688,No data,"20,000"
,Box:2 PC:9,Area 2  LCP-OW-01,,Z1,No data,,8.688,No data,"20,000"
,Box:2 PC:9,Area 2  LCP-OW-01,,Z1,No data,,8.688,No data,"20,000"
,Box:2 PC:9,Area 2  LCP-OW-01,,Z1,No data,,8.688,No data,"20,000"
,Box:2 PC:9,Area 2  LCP-OW-01,,Z1,No data,,8.688,No data,"20,000"
,Box:2 PC:9,Area 2  LCP-OW-01,,Z1,No data,,8.688,No data,"20,000"
,Box:2 PC:9,Area 2  LCP-OW-01,,Z1,No data,,8.688,No data,"20,000"
,Box:2 PC:9,Area 2  LCP-OW-01,,Z1,No data,,8.688,No data,"20,000"
,Box:2 PC:9,Area 2  LCP-OW-01,,Z1,No data,,8.688,No data,"20,000"
,Box:2 PC:9,Area 2  LCP-OW-01,,Z1,No data,,8.688,No data,"20,000"
,Box:2 PC:9,Area 2  LCP-OW-01,,Z1,No data,,8.688,No data,"20,000"
,Box:2 PC:9,Area 2  LCP-OW-01,,Z1,No data,,8.688,No data,"20,000"
,Box:2 PC:9,Area 2  LCP-OW-01,,Z1,No data,,8.688,No data,"20,000"
,Box:2 PC:9,Area 2  LCP-OW-01,,Z1,No data,,8.688,No data,"20,000"
,Box:2 PC:9,Area 2  LCP-OW-01,,Z1,No data,,8.688,No data,"20,000"
,Area 3 ELCP-OW-01,,,,,,,,
,Box:3 PC:1,Area 3 ELCP-OW-01,,Y22,No data,,11.279,No data,"20,000"
,Box:3 PC:1,Area 3 ELCP-OW-01,,Y22,No data,,11.279,No data,"20,000"
,Box:3 PC:1,Area 3 ELCP-OW-01,,Y22,No data,,11.279,No data,"20,000"
,Box:3 PC:1,Area 3 ELCP-OW-01,,Y22,No data,,11.279,No data,"20,000"
,Box:3 PC:2,Area 3 ELCP-OW-01,,Z22,No data,,12.25,No data,"20,000"
,Box:3 PC:2,Area 3 ELCP-OW-01,,Z22,No data,,12.25,No data,"20,000"
,Box:3 PC:2,Area 3 ELCP-OW-01,,Z22,No data,,12.25,No data,"20,000"
,Box:3 PC:2,Area 3 ELCP-OW-01,,Z22,No data,,12.25,No data,"20,000"
,Box:3 PC:2,Area 3 ELCP-OW-01,,Z22,No data,,12.25,No data,"20,000"
,Box:3 PC:2,Area 3 ELCP-OW-01,,Z22,No data,,12.25,No data,"20,000"
,Box:3 PC:2,Area 3 ELCP-OW-01,,Z22,No data,,12.25,No data,"20,000"
,Box:3 PC:2,Area 3 ELCP-OW-01,,Z22,No data,,12.25,No data,"20,000"
,Box:3 PC:2,Area 3 ELCP-OW-01,,Z22,No data,,12.25,No data,"20,000"
,Box:3 PC:2,Area 3 ELCP-OW-01,,Z22,No data,,12.25,No data,"20,000"
,Box:3 PC:2,Area 3 ELCP-OW-01,,Z22,No data,,12.25,No data,"20,000"
,Box:3 PC:2,Area 3 ELCP-OW-01,,Z22,No data,,12.25,No data,"20,000"
,Box:3 PC:2,Area 3 ELCP-OW-01,,Z22,No data,,12.25,No data,"20,000"
,Box:3 PC:2,Area 3 ELCP-OW-01,,Z22,No data,,12.25,No data,"20,000"
,Box:3 PC:2,Area 3 ELCP-OW-01,,Z22,No data,,12.25,No data,"20,000"
,Box:3 PC:2,Area 3 ELCP-OW-01,,Z22,No data,,12.25,No data,"20,000"
,Box:3 PC:2,Area 3 ELCP-OW-01,,Z22,No data,,12.25,No data,"20,000"
,Box:3 PC:3,Area 3 ELCP-OW-01,,A2,No data,,12.433,No data,"20,000"
,Box:3 PC:3,Area 3 ELCP-OW-01,,A2,No data,,12.433,No data,"20,000"
,Box:3 PC:3,Area 3 ELCP-OW-01,,A2,No data,,12.433,No data,"20,000"
,Box:3 PC:3,Area 3 ELCP-OW-01,,A2,No data,,12.433,No data,"20,000"
,Box:3 PC:3,Area 3 ELCP-OW-01,,A2,No data,,12.433,No data,"20,000"
,Box:3 PC:3,Area 3 ELCP-OW-01,,A2,No data,,12.433,No data,"20,000"
,Box:3 PC:3,Area 3 ELCP-OW-01,,A2,No data,,12.433,No data,"20,000"
,Box:3 PC:3,Area 3 ELCP-OW-01,,A2,No data,,12.433,No data,"20,000"
,Box:3 PC:3,Area 3 ELCP-OW-01,,A2,No data,,12.433,No data,"20,000"
,Box:3 PC:3,Area 3 ELCP-OW-01,,A2,No data,,12.433,No data,"20,000"
,Box:3 PC:3,Area 3 ELCP-OW-01,,A2,No data,,12.433,No data,"20,000"
,Box:3 PC:3,Area 3 ELCP-OW-01,,A2,No data,,12.433,No data,"20,000"
,Box:3 PC:3,Area 3 ELCP-OW-01,,A2,No data,,12.433,No data,"20,000"
,Box:3 PC:3,Area 3 ELCP-OW-01,,A2,No data,,12.433,No data,"20,000"
,Box:3 PC:3,Area 3 ELCP-OW-01,,A2,No data,,12.433,No data,"20,000"
,Box:3 PC:3,Area 3 ELCP-OW-01,,A2,No data,,12.433,No data,"20,000"
,Box:3 PC:3,Area 3 ELCP-OW-01,,A2,No data,,12.433,No data,"20,000"
,Box:3 PC:3,Area 3 ELCP-OW-01,,A2,No data,,12.433,No data,"20,000"
,Box:3 PC:3,Area 3 ELCP-OW-01,,A2,No data,,12.433,No data,"20,000"
,Box:3 PC:4,Area 3 ELCP-OW-01,,B2,No data,,11.703,No data,"20,000"
,Box:3 PC:4,Area 3 ELCP-OW-01,,B2,No data,,11.703,No data,"20,000"
,Box:3 PC:4,Area 3 ELCP-OW-01,,B2,No data,,11.703,No data,"20,000"
,Box:3 PC:4,Area 3 ELCP-OW-01,,B2,No data,,11.703,No data,"20,000"
,Box:3 PC:4,Area 3 ELCP-OW-01,,B2,No data,,11.703,No data,"20,000"
,Box:3 PC:4,Area 3 ELCP-OW-01,,B2,No data,,11.703,No data,"20,000"
,Box:3 PC:4,Area 3 ELCP-OW-01,,B2,No data,,11.703,No data,"20,000"
,Box:3 PC:4,Area 3 ELCP-OW-01,,B2,No data,,11.703,No data,"20,000"
,Box:3 PC:4,Area 3 ELCP-OW-01,,B2,No data,,11.703,No data,"20,000"
,Box:3 PC:4,Area 3 ELCP-OW-01,,B2,No data,,11.703,No data,"20,000"
,Box:3 PC:4,Area 3 ELCP-OW-01,,B2,No data,,11.703,No data,"20,000"
,Box:3 PC:4,Area 3 ELCP-OW-01,,B2,No data,,11.703,No data,"20,000"
,Box:3 PC:6,Area 3 ELCP-OW-01,,D2,No data,,8.162,No data,"20,000"
,Box:3 PC:6,Area 3 ELCP-OW-01,,D2,No data,,8.162,No data,"20,000"
,Box:3 PC:6,Area 3 ELCP-OW-01,,D2,No data,,8.162,No data,"20,000"
,Box:3 PC:6,Area 3 ELCP-OW-01,,D2,No data,,8.162,No data,"20,000"
,Box:3 PC:6,Area 3 ELCP-OW-01,,D2,No data,,8.162,No data,"20,000"
,Box:3 PC:6,Area 3 ELCP-OW-01,,D2,No data,,8.162,No data,"20,000"
,Area 4 LCP-HR-01,,,,,,,,
,Box:4 PC:1,Area 4 LCP-HR-01,,S11,No data,,8.625,No data,"20,000"
,Box:4 PC:1,Area 4 LCP-HR-01,,S11,No data,,8.625,No data,"20,000"
,Box:4 PC:1,Area 4 LCP-HR-01,,S11,No data,,8.625,No data,"20,000"
,Box:4 PC:1,Area 4 LCP-HR-01,,S11,No data,,8.625,No data,"20,000"
,Box:4 PC:1,Area 4 LCP-HR-01,,S11,No data,,8.625,No data,"20,000"
,Box:4 PC:1,Area 4 LCP-HR-01,,S11,No data,,8.625,No data,"20,000"
,Box:4 PC:1,Area 4 LCP-HR-01,,S11,No data,,8.625,No data,"20,000"
,Box:4 PC:1,Area 4 LCP-HR-01,,S11,No data,,8.625,No data,"20,000"
,Box:4 PC:1,Area 4 LCP-HR-01,,S11,No data,,8.625,No data,"20,000"
,Box:4 PC:1,Area 4 LCP-HR-01,,S11,No data,,8.625,No data,"20,000"
,Box:4 PC:1,Area 4 LCP-HR-01,,S11,No data,,8.625,No data,"20,000"
,Box:4 PC:5,Area 4 LCP-HR-01,,W11,No data,,11.513,No data,"20,000"
,Box:4 PC:6,Area 4 LCP-HR-01,,Y11,No data,,11.513,No data,"20,000"
,Box:4 PC:6,Area 4 LCP-HR-01,,Y11,No data,,11.513,No data,"20,000"
,Box:4 PC:6,Area 4 LCP-HR-01,,Y11,No data,,11.513,No data,"20,000"
,Box:4 PC:6,Area 4 LCP-HR-01,,Y11,No data,,11.513,No data,"20,000"
,Box:4 PC:7,Area 4 LCP-HR-01,,Z11,No data,,11.513,No data,"20,000"
,Box:4 PC:7,Area 4 LCP-HR-01,,Z11,No data,,11.513,No data,"20,000"
,Box:4 PC:7,Area 4 LCP-HR-01,,Z11,No data,,11.513,No data,"20,000"
,Box:4 PC:7,Area 4 LCP-HR-01,,Z11,No data,,11.513,No data,"20,000"
,Box:4 PC:7,Area 4 LCP-HR-01,,Z11,No data,,11.513,No data,"20,000"
,Box:4 PC:7,Area 4 LCP-HR-01,,Z11,No data,,11.513,No data,"20,000"
,Box:4 PC:7,Area 4 LCP-HR-01,,Z11,No data,,11.513,No data,"20,000"
,Box:4 PC:8,Area 4 LCP-HR-01,,A1,No data,,11.513,No data,"20,000"
,Box:4 PC:8,Area 4 LCP-HR-01,,A1,No data,,11.513,No data,"20,000"
,Box:4 PC:8,Area 4 LCP-HR-01,,A1,No data,,11.513,No data,"20,000"
,Box:4 PC:8,Area 4 LCP-HR-01,,A1,No data,,11.513,No data,"20,000"
,Box:4 PC:8,Area 4 LCP-HR-01,,A1,No data,,11.513,No data,"20,000"
,Box:4 PC:8,Area 4 LCP-HR-01,,A1,No data,,11.513,No data,"20,000"
,Box:4 PC:8,Area 4 LCP-HR-01,,A1,No data,,11.513,No data,"20,000"
,Box:4 PC:8,Area 4 LCP-HR-01,,A1,No data,,11.513,No data,"20,000"
,Box:4 PC:8,Area 4 LCP-HR-01,,A1,No data,,11.513,No data,"20,000"
,Box:4 PC:8,Area 4 LCP-HR-01,,A1,No data,,11.513,No data,"20,000"
,Box:4 PC:8,Area 4 LCP-HR-01,,A1,No data,,11.513,No data,"20,000"
,Box:4 PC:8,Area 4 LCP-HR-01,,A1,No data,,11.513,No data,"20,000"
,Box:4 PC:8,Area 4 LCP-HR-01,,A1,No data,,11.513,No data,"20,000"
,Box:4 PC:9,Area 4 LCP-HR-01,,B1,No data,,11.513,No data,"20,000"
,Box:4 PC:9,Area 4 LCP-HR-01,,B1,No data,,11.513,No data,"20,000"
,Box:4 PC:9,Area 4 LCP-HR-01,,B1,No data,,11.513,No data,"20,000"
,Box:4 PC:9,Area 4 LCP-HR-01,,B1,No data,,11.513,No data,"20,000"
,Box:4 PC:9,Area 4 LCP-HR-01,,B1,No data,,11.513,No data,"20,000"
,Box:4 PC:9,Area 4 LCP-HR-01,,B1,No data,,11.513,No data,"20,000"
,Box:4 PC:9,Area 4 LCP-HR-01,,B1,No data,,11.513,No data,"20,000"
,Box:4 PC:9,Area 4 LCP-HR-01,,B1,No data,,11.513,No data,"20,000"
,Box:4 PC:9,Area 4 LCP-HR-01,,B1,No data,,11.513,No data,"20,000"
,Box:4 PC:9,Area 4 LCP-HR-01,,B1,No data,,11.513,No data,"20,000"
,Box:4 PC:9,Area 4 LCP-HR-01,,B1,No data,,11.513,No data,"20,000"
,Box:4 PC:9,Area 4 LCP-HR-01,,B1,No data,,11.513,No data,"20,000"
,Box:4 PC:9,Area 4 LCP-HR-01,,B1,No data,,11.513,No data,"20,000"
,Box:4 PC:10,Area 4 LCP-HR-01,,C1,No data,,11.513,No data,"20,000"
,Box:4 PC:10,Area 4 LCP-HR-01,,C1,No data,,11.513,No data,"20,000"
,Box:4 PC:10,Area 4 LCP-HR-01,,C1,No data,,11.513,No data,"20,000"
,Box:4 PC:10,Area 4 LCP-HR-01,,C1,No data,,11.513,No data,"20,000"
,Box:4 PC:10,Area 4 LCP-HR-01,,C1,No data,,11.513,No data,"20,000"
,Box:4 PC:10,Area 4 LCP-HR-01,,C1,No data,,11.513,No data,"20,000"
,Box:4 PC:10,Area 4 LCP-HR-01,,C1,No data,,11.513,No data,"20,000"
,Box:4 PC:10,Area 4 LCP-HR-01,,C1,No data,,11.513,No data,"20,000"
,Box:4 PC:10,Area 4 LCP-HR-01,,C1,No data,,11.513,No data,"20,000"
,Box:4 PC:10,Area 4 LCP-HR-01,,C1,No data,,11.513,No data,"20,000"
,Box:4 PC:10,Area 4 LCP-HR-01,,C1,No data,,11.513,No data,"20,000"
,Box:4 PC:10,Area 4 LCP-HR-01,,C1,No data,,11.513,No data,"20,000"
,Box:4 PC:10,Area 4 LCP-HR-01,,C1,No data,,11.513,No data,"20,000"
,Box:4 PC:11,Area 4 LCP-HR-01,,D1,No data,,11.513,No data,"20,000"
,Box:4 PC:11,Area 4 LCP-HR-01,,D1,No data,,11.513,No data,"20,000"
,Box:4 PC:11,Area 4 LCP-HR-01,,D1,No data,,11.513,No data,"20,000"
,Box:4 PC:11,Area 4 LCP-HR-01,,D1,No data,,11.513,No data,"20,000"
,Box:4 PC:11,Area 4 LCP-HR-01,,D1,No data,,11.513,No data,"20,000"
,Box:4 PC:11,Area 4 LCP-HR-01,,D1,No data,,11.513,No data,"20,000"
,Box:4 PC:11,Area 4 LCP-HR-01,,D1,No data,,11.513,No data,"20,000"
,Box:4 PC:11,Area 4 LCP-HR-01,,D1,No data,,11.513,No data,"20,000"
,Box:4 PC:11,Area 4 LCP-HR-01,,D1,No data,,11.513,No data,"20,000"
,Box:4 PC:11,Area 4 LCP-HR-01,,D1,No data,,11.513,No data,"20,000"
,Box:4 PC:11,Area 4 LCP-HR-01,,D1,No data,,11.513,No data,"20,000"
,Box:4 PC:11,Area 4 LCP-HR-01,,D1,No data,,11.513,No data,"20,000"
,Box:4 PC:11,Area 4 LCP-HR-01,,D1,No data,,11.513,No data,"20,000"
,Box:4 PC:12,Area 4 LCP-HR-01,,E1,No data,,11.513,No data,"20,000"
,Box:4 PC:12,Area 4 LCP-HR-01,,E1,No data,,11.513,No data,"20,000"
,Box:4 PC:12,Area 4 LCP-HR-01,,E1,No data,,11.513,No data,"20,000"
,Box:4 PC:12,Area 4 LCP-HR-01,,E1,No data,,11.513,No data,"20,000"
,Box:4 PC:12,Area 4 LCP-HR-01,,E1,No data,,11.513,No data,"20,000"
,Box:4 PC:12,Area 4 LCP-HR-01,,E1,No data,,11.513,No data,"20,000"
,Box:5 PC:1,Area 4 LCP-HR-01,,F1,No data,,11.513,No data,"20,000"
,Box:5 PC:1,Area 4 LCP-HR-01,,F1,No data,,11.513,No data,"20,000"
,Box:5 PC:1,Area 4 LCP-HR-01,,F1,No data,,11.513,No data,"20,000"
,Box:5 PC:1,Area 4 LCP-HR-01,,F1,No data,,11.513,No data,"20,000"
,Box:5 PC:1,Area 4 LCP-HR-01,,F1,No data,,11.513,No data,"20,000"
,Box:5 PC:1,Area 4 LCP-HR-01,,F1,No data,,11.513,No data,"20,000"
,Box:5 PC:1,Area 4 LCP-HR-01,,F1,No data,,11.513,No data,"20,000"
,Box:5 PC:2,Area 4 LCP-HR-01,,G1,No data,,11.513,No data,"20,000"
,Box:5 PC:2,Area 4 LCP-HR-01,,G1,No data,,11.513,No data,"20,000"
,Box:5 PC:2,Area 4 LCP-HR-01,,G1,No data,,11.513,No data,"20,000"
,Box:5 PC:3,Area 4 LCP-HR-01,,H1,No data,,11.513,No data,"20,000"
,Box:5 PC:3,Area 4 LCP-HR-01,,H1,No data,,11.513,No data,"20,000"
,Box:5 PC:3,Area 4 LCP-HR-01,,H1,No data,,11.513,No data,"20,000"
,Box:5 PC:3,Area 4 LCP-HR-01,,H1,No data,,11.513,No data,"20,000"
,Box:5 PC:3,Area 4 LCP-HR-01,,H1,No data,,11.513,No data,"20,000"
,Box:5 PC:3,Area 4 LCP-HR-01,,H1,No data,,11.513,No data,"20,000"
,Box:5 PC:3,Area 4 LCP-HR-01,,H1,No data,,11.513,No data,"20,000"
,Box:5 PC:3,Area 4 LCP-HR-01,,H1,No data,,11.513,No data,"20,000"
,Box:5 PC:3,Area 4 LCP-HR-01,,H1,No data,,11.513,No data,"20,000"
,Box:5 PC:4,Area 4 LCP-HR-01,,I1,No data,,11.513,No data,"20,000"
,Box:5 PC:4,Area 4 LCP-HR-01,,I1,No data,,11.513,No data,"20,000"
,Box:5 PC:4,Area 4 LCP-HR-01,,I1,No data,,11.513,No data,"20,000"
,Box:5 PC:4,Area 4 LCP-HR-01,,I1,No data,,11.513,No data,"20,000"
,Box:5 PC:4,Area 4 LCP-HR-01,,I1,No data,,11.513,No data,"20,000"
,Box:5 PC:4,Area 4 LCP-HR-01,,I1,No data,,11.513,No data,"20,000"
,Box:5 PC:4,Area 4 LCP-HR-01,,I1,No data,,11.513,No data,"20,000"
,Box:5 PC:4,Area 4 LCP-HR-01,,I1,No data,,11.513,No data,"20,000"
,Box:5 PC:4,Area 4 LCP-HR-01,,I1,No data,,11.513,No data,"20,000"
,Box:5 PC:4,Area 4 LCP-HR-01,,I1,No data,,11.513,No data,"20,000"
,Box:5 PC:4,Area 4 LCP-HR-01,,I1,No data,,11.513,No data,"20,000"
,Box:5 PC:6,Area 4 LCP-HR-01,,K1,No data,,11.513,No data,"20,000"
,Box:5 PC:6,Area 4 LCP-HR-01,,K1,No data,,11.513,No data,"20,000"
,Box:5 PC:6,Area 4 LCP-HR-01,,K1,No data,,11.513,No data,"20,000"
,Box:5 PC:6,Area 4 LCP-HR-01,,K1,No data,,11.513,No data,"20,000"
,Box:5 PC:7,Area 4 LCP-HR-01,,L1,No data,,11.513,No data,"20,000"
,Box:5 PC:7,Area 4 LCP-HR-01,,L1,No data,,11.513,No data,"20,000"
,Box:5 PC:7,Area 4 LCP-HR-01,,L1,No data,,11.513,No data,"20,000"
,Box:5 PC:7,Area 4 LCP-HR-01,,L1,No data,,11.513,No data,"20,000"
,Box:5 PC:7,Area 4 LCP-HR-01,,L1,No data,,11.513,No data,"20,000"
,Box:5 PC:7,Area 4 LCP-HR-01,,L1,No data,,11.513,No data,"20,000"
,Box:5 PC:8,Area 4 LCP-HR-01,,M1,No data,,11.513,No data,"20,000"
,Box:5 PC:8,Area 4 LCP-HR-01,,M1,No data,,11.513,No data,"20,000"
,Box:5 PC:8,Area 4 LCP-HR-01,,M1,No data,,11.513,No data,"20,000"
,Box:5 PC:8,Area 4 LCP-HR-01,,M1,No data,,11.513,No data,"20,000"
,Box:5 PC:8,Area 4 LCP-HR-01,,M1,No data,,11.513,No data,"20,000"
,Box:5 PC:8,Area 4 LCP-HR-01,,M1,No data,,11.513,No data,"20,000"
,Box:5 PC:9,Area 4 LCP-HR-01,,N1,No data,,11.513,No data,"20,000"
,Box:5 PC:9,Area 4 LCP-HR-01,,N1,No data,,11.513,No data,"20,000"
,Box:5 PC:9,Area 4 LCP-HR-01,,N1,No data,,11.513,No data,"20,000"
,Box:5 PC:10,Area 4 LCP-HR-01,,O1,No data,,11.513,No data,"20,000"
,Box:5 PC:10,Area 4 LCP-HR-01,,O1,No data,,11.513,No data,"20,000"
,Box:5 PC:10,Area 4 LCP-HR-01,,O1,No data,,11.513,No data,"20,000"
,Box:5 PC:11,Area 4 LCP-HR-01,,P1,No data,,11.513,No data,"20,000"
,Box:5 PC:11,Area 4 LCP-HR-01,,P1,No data,,11.513,No data,"20,000"
,Box:5 PC:11,Area 4 LCP-HR-01,,P1,No data,,11.513,No data,"20,000"
,Area 5 ELCP-HR-01,,,,,,,,
,Box:7 PC:1,Area 5 ELCP-HR-01,,K22,No data,,9.192,No data,"20,000"
,Box:7 PC:1,Area 5 ELCP-HR-01,,K22,No data,,9.192,No data,"20,000"
,Box:7 PC:1,Area 5 ELCP-HR-01,,K22,No data,,9.192,No data,"20,000"
,Box:7 PC:1,Area 5 ELCP-HR-01,,K22,No data,,9.192,No data,"20,000"
,Box:7 PC:4,Area 5 ELCP-HR-01,,N22,No data,,11.513,No data,"20,000"
,Box:7 PC:5,Area 5 ELCP-HR-01,,P22,No data,,11.513,No data,"20,000"
,Box:7 PC:5,Area 5 ELCP-HR-01,,P22,No data,,11.513,No data,"20,000"
,Box:7 PC:5,Area 5 ELCP-HR-01,,P22,No data,,11.513,No data,"20,000"
,Box:7 PC:5,Area 5 ELCP-HR-01,,P22,No data,,11.513,No data,"20,000"
,Box:7 PC:5,Area 5 ELCP-HR-01,,P22,No data,,11.513,No data,"20,000"
,Box:7 PC:5,Area 5 ELCP-HR-01,,P22,No data,,11.513,No data,"20,000"
,Box:7 PC:5,Area 5 ELCP-HR-01,,P22,No data,,11.513,No data,"20,000"
,Box:7 PC:5,Area 5 ELCP-HR-01,,P22,No data,,11.513,No data,"20,000"
,Box:7 PC:5,Area 5 ELCP-HR-01,,P22,No data,,11.513,No data,"20,000"
,Box:7 PC:5,Area 5 ELCP-HR-01,,P22,No data,,11.513,No data,"20,000"
,Box:7 PC:6,Area 5 ELCP-HR-01,,Q22,No data,,11.513,No data,"20,000"
,Box:7 PC:6,Area 5 ELCP-HR-01,,Q22,No data,,11.513,No data,"20,000"
,Box:7 PC:6,Area 5 ELCP-HR-01,,Q22,No data,,11.513,No data,"20,000"
,Box:7 PC:6,Area 5 ELCP-HR-01,,Q22,No data,,11.513,No data,"20,000"
,Box:7 PC:6,Area 5 ELCP-HR-01,,Q22,No data,,11.513,No data,"20,000"
,Box:7 PC:6,Area 5 ELCP-HR-01,,Q22,No data,,11.513,No data,"20,000"
,Box:7 PC:6,Area 5 ELCP-HR-01,,Q22,No data,,11.513,No data,"20,000"
,Box:7 PC:6,Area 5 ELCP-HR-01,,Q22,No data,,11.513,No data,"20,000"
,Box:7 PC:6,Area 5 ELCP-HR-01,,Q22,No data,,11.513,No data,"20,000"
,Box:7 PC:6,Area 5 ELCP-HR-01,,Q22,No data,,11.513,No data,"20,000"
,Box:7 PC:6,Area 5 ELCP-HR-01,,Q22,No data,,11.513,No data,"20,000"
,Box:7 PC:6,Area 5 ELCP-HR-01,,Q22,No data,,11.513,No data,"20,000"
,Box:7 PC:6,Area 5 ELCP-HR-01,,Q22,No data,,11.513,No data,"20,000"
,Box:7 PC:6,Area 5 ELCP-HR-01,,Q22,No data,,11.513,No data,"20,000"
,Box:7 PC:6,Area 5 ELCP-HR-01,,Q22,No data,,11.513,No data,"20,000"
,Box:7 PC:7,Area 5 ELCP-HR-01,,R22,No data,,11.513,No data,"20,000"
,Box:7 PC:7,Area 5 ELCP-HR-01,,R22,No data,,11.513,No data,"20,000"
,Box:7 PC:7,Area 5 ELCP-HR-01,,R22,No data,,11.513,No data,"20,000"
,Box:7 PC:7,Area 5 ELCP-HR-01,,R22,No data,,11.513,No data,"20,000"
,Box:7 PC:7,Area 5 ELCP-HR-01,,R22,No data,,11.513,No data,"20,000"
,Box:7 PC:8,Area 5 ELCP-HR-01,,S22,No data,,11.513,No data,"20,000"
,Box:7 PC:8,Area 5 ELCP-HR-01,,S22,No data,,11.513,No data,"20,000"
,Box:7 PC:8,Area 5 ELCP-HR-01,,S22,No data,,11.513,No data,"20,000"
,Box:7 PC:8,Area 5 ELCP-HR-01,,S22,No data,,11.513,No data,"20,000"
,Box:7 PC:9,Area 5 ELCP-HR-01,,T22,No data,,11.513,No data,"20,000"
,Box:7 PC:9,Area 5 ELCP-HR-01,,T22,No data,,11.513,No data,"20,000"
,Box:7 PC:9,Area 5 ELCP-HR-01,,T22,No data,,11.513,No data,"20,000"
,Box:7 PC:9,Area 5 ELCP-HR-01,,T22,No data,,11.513,No data,"20,000"
,Box:7 PC:11,Area 5 ELCP-HR-01,,V22,No data,,11.513,No data,"20,000"
,Box:7 PC:11,Area 5 ELCP-HR-01,,V22,No data,,11.513,No data,"20,000"
,Box:7 PC:11,Area 5 ELCP-HR-01,,V22,No data,,11.513,No data,"20,000"
,Box:7 PC:11,Area 5 ELCP-HR-01,,V22,No data,,11.513,No data,"20,000"
,Box:7 PC:12,Area 5 ELCP-HR-01,,W22,No data,,11.513,No data,"20,000"
,Box:7 PC:12,Area 5 ELCP-HR-01,,W22,No data,,11.513,No data,"20,000"
,Box:7 PC:12,Area 5 ELCP-HR-01,,W22,No data,,11.513,No data,"20,000"
,Box:7 PC:12,Area 5 ELCP-HR-01,,W22,No data,,11.513,No data,"20,000"
,Box:8 PC:1,Area 5 ELCP-HR-01,,X22,No data,,11.513,No data,"20,000"
,Box:8 PC:1,Area 5 ELCP-HR-01,,X22,No data,,11.513,No data,"20,000"
,Box:8 PC:1,Area 5 ELCP-HR-01,,X22,No data,,11.513,No data,"20,000"
,Area 50 OW CORRIDOR (SENSOR),,,,,,,,
,Box:2 PC:4,Area 50 OW CORRIDOR (SENSOR),,Y1 MOTION COR,No data,,5.779,No data,"20,000"
,Box:2 PC:4,Area 50 OW CORRIDOR (SENSOR),,Y1 MOTION COR,No data,,5.779,No data,"20,000"
,Box:2 PC:4,Area 50 OW CORRIDOR (SENSOR),,Y1 MOTION COR,No data,,5.779,No data,"20,000"
,Box:2 PC:4,Area 50 OW CORRIDOR (SENSOR),,Y1 MOTION COR,No data,,5.779,No data,"20,000"
,Box:2 PC:4,Area 50 OW CORRIDOR (SENSOR),,Y1 MOTION COR,No data,,5.779,No data,"20,000"
,Box:2 PC:4,Area 50 OW CORRIDOR (SENSOR),,Y1 MOTION COR,No data,,5.779,No data,"20,000"
,Box:2 PC:4,Area 50 OW CORRIDOR (SENSOR),,Y1 MOTION COR,No data,,5.779,No data,"20,000"
,Box:3 PC:5,Area 50 OW CORRIDOR (SENSOR),,C2 MOTION COR,No data,,5.779,No data,"20,000"
,Box:3 PC:5,Area 50 OW CORRIDOR (SENSOR),,C2 MOTION COR,No data,,5.779,No data,"20,000"
,Box:3 PC:5,Area 50 OW CORRIDOR (SENSOR),,C2 MOTION COR,No data,,5.779,No data,"20,000"
,Box:3 PC:5,Area 50 OW CORRIDOR (SENSOR),,C2 MOTION COR,No data,,5.779,No data,"20,000"
,Box:3 PC:5,Area 50 OW CORRIDOR (SENSOR),,C2 MOTION COR,No data,,5.779,No data,"20,000"
,Box:3 PC:5,Area 50 OW CORRIDOR (SENSOR),,C2 MOTION COR,No data,,5.779,No data,"20,000"
,Box:3 PC:5,Area 50 OW CORRIDOR (SENSOR),,C2 MOTION COR,No data,,5.779,No data,"20,000"
,Area 51 OW CHANGING ROOM (SENSOR),,,,,,,,
,Box:2 PC:6,Area 51 OW CHANGING ROOM (SENSOR),,V1 MOTION CHANGING,No data,,2.735,No data,"20,000"
,Box:2 PC:6,Area 51 OW CHANGING ROOM (SENSOR),,V1 MOTION CHANGING,No data,,2.735,No data,"20,000"
,Box:2 PC:6,Area 51 OW CHANGING ROOM (SENSOR),,V1 MOTION CHANGING,No data,,2.735,No data,"20,000"
,Box:2 PC:6,Area 51 OW CHANGING ROOM (SENSOR),,V1 MOTION CHANGING,No data,,2.735,No data,"20,000"
,Box:2 PC:6,Area 51 OW CHANGING ROOM (SENSOR),,V1 MOTION CHANGING,No data,,2.735,No data,"20,000"
,Area 52 OW TOILET MALE (SENSOR),,,,,,,,
,Box:2 PC:7,Area 52 OW TOILET MALE (SENSOR),,X1 MOTION,No data,,2.278,No data,"20,000"
,Box:2 PC:7,Area 52 OW TOILET MALE (SENSOR),,X1 MOTION,No data,,2.278,No data,"20,000"
,Box:2 PC:7,Area 52 OW TOILET MALE (SENSOR),,X1 MOTION,No data,,2.278,No data,"20,000"
,Box:2 PC:7,Area 52 OW TOILET MALE (SENSOR),,X1 MOTION,No data,,2.278,No data,"20,000"
,Area 53 OW TOILET FEMALE (SENSOR),,,,,,,,
,Box:2 PC:8,Area 53 OW TOILET FEMALE (SENSOR),,W1 MOTION,No data,,2.118,No data,"20,000"
,Box:2 PC:8,Area 53 OW TOILET FEMALE (SENSOR),,W1 MOTION,No data,,2.118,No data,"20,000"
,Box:2 PC:8,Area 53 OW TOILET FEMALE (SENSOR),,W1 MOTION,No data,,2.118,No data,"20,000"
,Box:2 PC:8,Area 53 OW TOILET FEMALE (SENSOR),,W1 MOTION,No data,,2.118,No data,"20,000"
,Box:2 PC:8,Area 53 OW TOILET FEMALE (SENSOR),,W1 MOTION,No data,,2.118,No data,"20,000"
,Area 54 HR CORRIDOR (SENSOR),,,,,,,,
,Box:4 PC:4,Area 54 HR CORRIDOR (SENSOR),,V1 MOTION CORRIDOR,No data,,9.596,No data,"20,000"
,Box:4 PC:4,Area 54 HR CORRIDOR (SENSOR),,V1 MOTION CORRIDOR,No data,,9.596,No data,"20,000"
,Box:4 PC:4,Area 54 HR CORRIDOR (SENSOR),,V1 MOTION CORRIDOR,No data,,9.596,No data,"20,000"
,Box:4 PC:4,Area 54 HR CORRIDOR (SENSOR),,V1 MOTION CORRIDOR,No data,,9.596,No data,"20,000"
,Box:4 PC:4,Area 54 HR CORRIDOR (SENSOR),,V1 MOTION CORRIDOR,No data,,9.596,No data,"20,000"
,Box:7 PC:3,Area 54 HR CORRIDOR (SENSOR),,M22 MOTION CORRIDOR,No data,,9.596,No data,"20,000"
,Box:7 PC:3,Area 54 HR CORRIDOR (SENSOR),,M22 MOTION CORRIDOR,No data,,9.596,No data,"20,000"
,Box:7 PC:3,Area 54 HR CORRIDOR (SENSOR),,M22 MOTION CORRIDOR,No data,,9.596,No data,"20,000"
,Area 55 HR TOILET MALE (SENSOR),,,,,,,,
,Box:4 PC:3,Area 55 HR TOILET MALE (SENSOR),,U11 MOTION TOILET MALE,No data,,4.734,No data,"20,000"
,Box:4 PC:3,Area 55 HR TOILET MALE (SENSOR),,U11 MOTION TOILET MALE,No data,,4.734,No data,"20,000"
,Box:4 PC:3,Area 55 HR TOILET MALE (SENSOR),,U11 MOTION TOILET MALE,No data,,4.734,No data,"20,000"
,Box:4 PC:3,Area 55 HR TOILET MALE (SENSOR),,U11 MOTION TOILET MALE,No data,,4.734,No data,"20,000"
,Box:7 PC:2,Area 55 HR TOILET MALE (SENSOR),,L22 MOTION TOILET CORRIDOR,No data,,4.734,No data,"20,000"
,Box:7 PC:2,Area 55 HR TOILET MALE (SENSOR),,L22 MOTION TOILET CORRIDOR,No data,,4.734,No data,"20,000"
,Box:7 PC:2,Area 55 HR TOILET MALE (SENSOR),,L22 MOTION TOILET CORRIDOR,No data,,4.734,No data,"20,000"
,Box:7 PC:2,Area 55 HR TOILET MALE (SENSOR),,L22 MOTION TOILET CORRIDOR,No data,,4.734,No data,"20,000"
,Area 57 HR TOILET FEMALE (SENSOR),,,,,,,,
,Box:4 PC:2,Area 57 HR TOILET FEMALE (SENSOR),,T11 MOTION TOILET FEMALE,No data,,3.967,No data,"20,000"
,Box:4 PC:2,Area 57 HR TOILET FEMALE (SENSOR),,T11 MOTION TOILET FEMALE,No data,,3.967,No data,"20,000"
,Box:4 PC:2,Area 57 HR TOILET FEMALE (SENSOR),,T11 MOTION TOILET FEMALE,No data,,3.967,No data,"20,000"
,Box:4 PC:2,Area 57 HR TOILET FEMALE (SENSOR),,T11 MOTION TOILET FEMALE,No data,,3.967,No data,"20,000"
,Box:4 PC:2,Area 57 HR TOILET FEMALE (SENSOR),,T11 MOTION TOILET FEMALE,No data,,3.967,No data,"20,000"
,Box:4 PC:2,Area 57 HR TOILET FEMALE (SENSOR),,T11 MOTION TOILET FEMALE,No data,,3.967,No data,"20,000"
,Area 58 LR CORRIDOR TOILET,,,,,,,,
,Box:9 PC:5,Area 58 LR CORRIDOR TOILET,,R11 MOTION CORRIDOR,No data,,8.424,No data,"20,000"
,Box:9 PC:5,Area 58 LR CORRIDOR TOILET,,R11 MOTION CORRIDOR,No data,,8.424,No data,"20,000"
,Box:9 PC:5,Area 58 LR CORRIDOR TOILET,,R11 MOTION CORRIDOR,No data,,8.424,No data,"20,000"
,Box:9 PC:5,Area 58 LR CORRIDOR TOILET,,R11 MOTION CORRIDOR,No data,,8.424,No data,"20,000"
,Box:9 PC:5,Area 58 LR CORRIDOR TOILET,,R11 MOTION CORRIDOR,No data,,8.424,No data,"20,000"
,Box:9 PC:5,Area 58 LR CORRIDOR TOILET,,R11 MOTION CORRIDOR,No data,,8.424,No data,"20,000"
,Box:9 PC:5,Area 58 LR CORRIDOR TOILET,,R11 MOTION CORRIDOR,No data,,8.424,No data,"20,000"
,Box:12 PC:4,Area 58 LR CORRIDOR TOILET,,J22 MOTION CORRIDOR,No data,,8.424,No data,"20,000"
,Box:12 PC:4,Area 58 LR CORRIDOR TOILET,,J22 MOTION CORRIDOR,No data,,8.424,No data,"20,000"
,Box:12 PC:4,Area 58 LR CORRIDOR TOILET,,J22 MOTION CORRIDOR,No data,,8.424,No data,"20,000"
,Area 59 LR TOILET MALE,,,,,,,,
,Box:9 PC:3,Area 59 LR TOILET MALE,,P11 MOTION TOILET MALE,No data,,5.461,No data,"20,000"
,Box:9 PC:3,Area 59 LR TOILET MALE,,P11 MOTION TOILET MALE,No data,,5.461,No data,"20,000"
,Box:9 PC:3,Area 59 LR TOILET MALE,,P11 MOTION TOILET MALE,No data,,5.461,No data,"20,000"
,Box:9 PC:3,Area 59 LR TOILET MALE,,P11 MOTION TOILET MALE,No data,,5.461,No data,"20,000"
,Box:9 PC:3,Area 59 LR TOILET MALE,,P11 MOTION TOILET MALE,No data,,5.461,No data,"20,000"
,Box:9 PC:3,Area 59 LR TOILET MALE,,P11 MOTION TOILET MALE,No data,,5.461,No data,"20,000"
,Box:9 PC:3,Area 59 LR TOILET MALE,,P11 MOTION TOILET MALE,No data,,5.461,No data,"20,000"
,Box:9 PC:3,Area 59 LR TOILET MALE,,P11 MOTION TOILET MALE,No data,,5.461,No data,"20,000"
,Box:9 PC:3,Area 59 LR TOILET MALE,,P11 MOTION TOILET MALE,No data,,5.461,No data,"20,000"
,Box:9 PC:3,Area 59 LR TOILET MALE,,P11 MOTION TOILET MALE,No data,,5.461,No data,"20,000"
,Box:9 PC:3,Area 59 LR TOILET MALE,,P11 MOTION TOILET MALE,No data,,5.461,No data,"20,000"
,Box:9 PC:3,Area 59 LR TOILET MALE,,P11 MOTION TOILET MALE,No data,,5.461,No data,"20,000"
,Box:9 PC:3,Area 59 LR TOILET MALE,,P11 MOTION TOILET MALE,No data,,5.461,No data,"20,000"
,Box:9 PC:3,Area 59 LR TOILET MALE,,P11 MOTION TOILET MALE,No data,,5.461,No data,"20,000"
,Area 6 LCP-LR-01,,,,,,,,
,Box:9 PC:1,Area 6 LCP-LR-01,,L11,No data,,8.625,No data,"20,000"
,Box:9 PC:1,Area 6 LCP-LR-01,,L11,No data,,8.625,No data,"20,000"
,Box:9 PC:1,Area 6 LCP-LR-01,,L11,No data,,8.625,No data,"20,000"
,Box:9 PC:1,Area 6 LCP-LR-01,,L11,No data,,8.625,No data,"20,000"
,Box:9 PC:1,Area 6 LCP-LR-01,,L11,No data,,8.625,No data,"20,000"
,Box:9 PC:1,Area 6 LCP-LR-01,,L11,No data,,8.625,No data,"20,000"
,Box:9 PC:1,Area 6 LCP-LR-01,,L11,No data,,8.625,No data,"20,000"
,Box:9 PC:1,Area 6 LCP-LR-01,,L11,No data,,8.625,No data,"20,000"
,Box:9 PC:1,Area 6 LCP-LR-01,,L11,No data,,8.625,No data,"20,000"
,Box:9 PC:1,Area 6 LCP-LR-01,,L11,No data,,8.625,No data,"20,000"
,Box:9 PC:1,Area 6 LCP-LR-01,,L11,No data,,8.625,No data,"20,000"
,Box:9 PC:1,Area 6 LCP-LR-01,,L11,No data,,8.625,No data,"20,000"
,Box:9 PC:1,Area 6 LCP-LR-01,,L11,No data,,8.625,No data,"20,000"
,Box:9 PC:1,Area 6 LCP-LR-01,,L11,No data,,8.625,No data,"20,000"
,Box:9 PC:1,Area 6 LCP-LR-01,,L11,No data,,8.625,No data,"20,000"
,Box:9 PC:1,Area 6 LCP-LR-01,,L11,No data,,8.625,No data,"20,000"
,Box:9 PC:1,Area 6 LCP-LR-01,,L11,No data,,8.625,No data,"20,000"
,Box:9 PC:1,Area 6 LCP-LR-01,,L11,No data,,8.625,No data,"20,000"
,Box:9 PC:1,Area 6 LCP-LR-01,,L11,No data,,8.625,No data,"20,000"
,Box:9 PC:1,Area 6 LCP-LR-01,,L11,No data,,8.625,No data,"20,000"
,Box:9 PC:1,Area 6 LCP-LR-01,,L11,No data,,8.625,No data,"20,000"
,Box:9 PC:2,Area 6 LCP-LR-01,,N11,No data,,11.602,No data,"20,000"
,Box:9 PC:6,Area 6 LCP-LR-01,,K11,No data,,11.602,No data,"20,000"
,Box:9 PC:6,Area 6 LCP-LR-01,,K11,No data,,11.602,No data,"20,000"
,Box:9 PC:6,Area 6 LCP-LR-01,,K11,No data,,11.602,No data,"20,000"
,Box:9 PC:6,Area 6 LCP-LR-01,,K11,No data,,11.602,No data,"20,000"
,Box:9 PC:6,Area 6 LCP-LR-01,,K11,No data,,11.602,No data,"20,000"
,Box:9 PC:6,Area 6 LCP-LR-01,,K11,No data,,11.602,No data,"20,000"
,Box:9 PC:6,Area 6 LCP-LR-01,,K11,No data,,11.602,No data,"20,000"
,Box:9 PC:6,Area 6 LCP-LR-01,,K11,No data,,11.602,No data,"20,000"
,Box:9 PC:6,Area 6 LCP-LR-01,,K11,No data,,11.602,No data,"20,000"
,Box:9 PC:6,Area 6 LCP-LR-01,,K11,No data,,11.602,No data,"20,000"
,Box:9 PC:6,Area 6 LCP-LR-01,,K11,No data,,11.602,No data,"20,000"
,Box:9 PC:6,Area 6 LCP-LR-01,,K11,No data,,11.602,No data,"20,000"
,Box:9 PC:6,Area 6 LCP-LR-01,,K11,No data,,11.602,No data,"20,000"
,Box:9 PC:6,Area 6 LCP-LR-01,,K11,No data,,11.602,No data,"20,000"
,Box:9 PC:6,Area 6 LCP-LR-01,,K11,No data,,11.602,No data,"20,000"
,Box:9 PC:6,Area 6 LCP-LR-01,,K11,No data,,11.602,No data,"20,000"
,Box:9 PC:6,Area 6 LCP-LR-01,,K11,No data,,11.602,No data,"20,000"
,Box:9 PC:6,Area 6 LCP-LR-01,,K11,No data,,11.602,No data,"20,000"
,Box:9 PC:6,Area 6 LCP-LR-01,,K11,No data,,11.602,No data,"20,000"
,Box:9 PC:6,Area 6 LCP-LR-01,,K11,No data,,11.602,No data,"20,000"
,Box:9 PC:6,Area 6 LCP-LR-01,,K11,No data,,11.602,No data,"20,000"
,Box:9 PC:6,Area 6 LCP-LR-01,,K11,No data,,11.602,No data,"20,000"
,Box:9 PC:6,Area 6 LCP-LR-01,,K11,No data,,11.602,No data,"20,000"
,Box:9 PC:7,Area 6 LCP-LR-01,,J11,No data,,11.601,No data,"20,000"
,Box:9 PC:7,Area 6 LCP-LR-01,,J11,No data,,11.601,No data,"20,000"
,Box:9 PC:7,Area 6 LCP-LR-01,,J11,No data,,11.601,No data,"20,000"
,Box:9 PC:7,Area 6 LCP-LR-01,,J11,No data,,11.601,No data,"20,000"
,Box:9 PC:7,Area 6 LCP-LR-01,,J11,No data,,11.601,No data,"20,000"
,Box:9 PC:7,Area 6 LCP-LR-01,,J11,No data,,11.601,No data,"20,000"
,Box:9 PC:7,Area 6 LCP-LR-01,,J11,No data,,11.601,No data,"20,000"
,Box:9 PC:7,Area 6 LCP-LR-01,,J11,No data,,11.601,No data,"20,000"
,Box:9 PC:7,Area 6 LCP-LR-01,,J11,No data,,11.601,No data,"20,000"
,Box:9 PC:7,Area 6 LCP-LR-01,,J11,No data,,11.601,No data,"20,000"
,Box:9 PC:7,Area 6 LCP-LR-01,,J11,No data,,11.601,No data,"20,000"
,Box:9 PC:7,Area 6 LCP-LR-01,,J11,No data,,11.601,No data,"20,000"
,Box:9 PC:7,Area 6 LCP-LR-01,,J11,No data,,11.601,No data,"20,000"
,Box:9 PC:8,Area 6 LCP-LR-01,,I11,No data,,11.598,No data,"20,000"
,Box:9 PC:8,Area 6 LCP-LR-01,,I11,No data,,11.598,No data,"20,000"
,Box:9 PC:8,Area 6 LCP-LR-01,,I11,No data,,11.598,No data,"20,000"
,Box:9 PC:8,Area 6 LCP-LR-01,,I11,No data,,11.598,No data,"20,000"
,Box:9 PC:8,Area 6 LCP-LR-01,,I11,No data,,11.598,No data,"20,000"
,Box:9 PC:8,Area 6 LCP-LR-01,,I11,No data,,11.598,No data,"20,000"
,Box:9 PC:8,Area 6 LCP-LR-01,,I11,No data,,11.598,No data,"20,000"
,Box:9 PC:8,Area 6 LCP-LR-01,,I11,No data,,11.598,No data,"20,000"
,Box:9 PC:8,Area 6 LCP-LR-01,,I11,No data,,11.598,No data,"20,000"
,Box:9 PC:9,Area 6 LCP-LR-01,,Y1,No data,,11.602,No data,"20,000"
,Box:9 PC:9,Area 6 LCP-LR-01,,Y1,No data,,11.602,No data,"20,000"
,Box:9 PC:9,Area 6 LCP-LR-01,,Y1,No data,,11.602,No data,"20,000"
,Box:9 PC:9,Area 6 LCP-LR-01,,Y1,No data,,11.602,No data,"20,000"
,Box:9 PC:10,Area 6 LCP-LR-01,,Z1,No data,,11.155,No data,"20,000"
,Box:9 PC:10,Area 6 LCP-LR-01,,Z1,No data,,11.155,No data,"20,000"
,Box:9 PC:10,Area 6 LCP-LR-01,,Z1,No data,,11.155,No data,"20,000"
,Box:9 PC:10,Area 6 LCP-LR-01,,Z1,No data,,11.155,No data,"20,000"
,Box:9 PC:10,Area 6 LCP-LR-01,,Z1,No data,,11.155,No data,"20,000"
,Box:9 PC:10,Area 6 LCP-LR-01,,Z1,No data,,11.155,No data,"20,000"
,Box:9 PC:11,Area 6 LCP-LR-01,,A11,No data,,11.601,No data,"20,000"
,Box:9 PC:11,Area 6 LCP-LR-01,,A11,No data,,11.601,No data,"20,000"
,Box:9 PC:11,Area 6 LCP-LR-01,,A11,No data,,11.601,No data,"20,000"
,Box:9 PC:12,Area 6 LCP-LR-01,,B11,No data,,11.601,No data,"20,000"
,Box:9 PC:12,Area 6 LCP-LR-01,,B11,No data,,11.601,No data,"20,000"
,Box:9 PC:12,Area 6 LCP-LR-01,,B11,No data,,11.601,No data,"20,000"
,Box:10 PC:1,Area 6 LCP-LR-01,,E11,No data,,11.601,No data,"20,000"
,Box:10 PC:1,Area 6 LCP-LR-01,,E11,No data,,11.601,No data,"20,000"
,Box:10 PC:1,Area 6 LCP-LR-01,,E11,No data,,11.601,No data,"20,000"
,Box:10 PC:1,Area 6 LCP-LR-01,,E11,No data,,11.601,No data,"20,000"
,Box:10 PC:2,Area 6 LCP-LR-01,,X1,No data,,11.601,No data,"20,000"
,Box:10 PC:2,Area 6 LCP-LR-01,,X1,No data,,11.601,No data,"20,000"
,Box:10 PC:2,Area 6 LCP-LR-01,,X1,No data,,11.601,No data,"20,000"
,Box:10 PC:2,Area 6 LCP-LR-01,,X1,No data,,11.601,No data,"20,000"
,Box:10 PC:3,Area 6 LCP-LR-01,,W1,No data,,11.601,No data,"20,000"
,Box:10 PC:3,Area 6 LCP-LR-01,,W1,No data,,11.601,No data,"20,000"
,Box:10 PC:3,Area 6 LCP-LR-01,,W1,No data,,11.601,No data,"20,000"
,Box:10 PC:3,Area 6 LCP-LR-01,,W1,No data,,11.601,No data,"20,000"
,Box:10 PC:3,Area 6 LCP-LR-01,,W1,No data,,11.601,No data,"20,000"
,Box:10 PC:3,Area 6 LCP-LR-01,,W1,No data,,11.601,No data,"20,000"
,Box:10 PC:3,Area 6 LCP-LR-01,,W1,No data,,11.601,No data,"20,000"
,Box:10 PC:3,Area 6 LCP-LR-01,,W1,No data,,11.601,No data,"20,000"
,Box:10 PC:3,Area 6 LCP-LR-01,,W1,No data,,11.601,No data,"20,000"
,Box:10 PC:3,Area 6 LCP-LR-01,,W1,No data,,11.601,No data,"20,000"
,Box:10 PC:3,Area 6 LCP-LR-01,,W1,No data,,11.601,No data,"20,000"
,Box:10 PC:3,Area 6 LCP-LR-01,,W1,No data,,11.601,No data,"20,000"
,Box:10 PC:3,Area 6 LCP-LR-01,,W1,No data,,11.601,No data,"20,000"
,Box:10 PC:3,Area 6 LCP-LR-01,,W1,No data,,11.601,No data,"20,000"
,Box:10 PC:3,Area 6 LCP-LR-01,,W1,No data,,11.601,No data,"20,000"
,Box:10 PC:3,Area 6 LCP-LR-01,,W1,No data,,11.601,No data,"20,000"
,Box:10 PC:3,Area 6 LCP-LR-01,,W1,No data,,11.601,No data,"20,000"
,Box:10 PC:4,Area 6 LCP-LR-01,,Q1,No data,,11.156,No data,"20,000"
,Box:10 PC:4,Area 6 LCP-LR-01,,Q1,No data,,11.156,No data,"20,000"
,Box:10 PC:4,Area 6 LCP-LR-01,,Q1,No data,,11.156,No data,"20,000"
,Box:10 PC:4,Area 6 LCP-LR-01,,Q1,No data,,11.156,No data,"20,000"
,Box:10 PC:4,Area 6 LCP-LR-01,,Q1,No data,,11.156,No data,"20,000"
,Box:10 PC:4,Area 6 LCP-LR-01,,Q1,No data,,11.156,No data,"20,000"
,Box:10 PC:4,Area 6 LCP-LR-01,,Q1,No data,,11.156,No data,"20,000"
,Box:10 PC:5,Area 6 LCP-LR-01,,R1,No data,,11.156,No data,"20,000"
,Box:10 PC:5,Area 6 LCP-LR-01,,R1,No data,,11.156,No data,"20,000"
,Box:10 PC:5,Area 6 LCP-LR-01,,R1,No data,,11.156,No data,"20,000"
,Box:10 PC:5,Area 6 LCP-LR-01,,R1,No data,,11.156,No data,"20,000"
,Box:10 PC:5,Area 6 LCP-LR-01,,R1,No data,,11.156,No data,"20,000"
,Box:10 PC:5,Area 6 LCP-LR-01,,R1,No data,,11.156,No data,"20,000"
,Box:10 PC:5,Area 6 LCP-LR-01,,R1,No data,,11.156,No data,"20,000"
,Box:10 PC:6,Area 6 LCP-LR-01,,S1,No data,,11.156,No data,"20,000"
,Box:10 PC:6,Area 6 LCP-LR-01,,S1,No data,,11.156,No data,"20,000"
,Box:10 PC:6,Area 6 LCP-LR-01,,S1,No data,,11.156,No data,"20,000"
,Box:10 PC:6,Area 6 LCP-LR-01,,S1,No data,,11.156,No data,"20,000"
,Box:10 PC:6,Area 6 LCP-LR-01,,S1,No data,,11.156,No data,"20,000"
,Box:10 PC:6,Area 6 LCP-LR-01,,S1,No data,,11.156,No data,"20,000"
,Box:10 PC:6,Area 6 LCP-LR-01,,S1,No data,,11.156,No data,"20,000"
,Box:10 PC:7,Area 6 LCP-LR-01,,T1,No data,,11.156,No data,"20,000"
,Box:10 PC:7,Area 6 LCP-LR-01,,T1,No data,,11.156,No data,"20,000"
,Box:10 PC:7,Area 6 LCP-LR-01,,T1,No data,,11.156,No data,"20,000"
,Box:10 PC:7,Area 6 LCP-LR-01,,T1,No data,,11.156,No data,"20,000"
,Box:10 PC:7,Area 6 LCP-LR-01,,T1,No data,,11.156,No data,"20,000"
,Box:10 PC:7,Area 6 LCP-LR-01,,T1,No data,,11.156,No data,"20,000"
,Box:10 PC:7,Area 6 LCP-LR-01,,T1,No data,,11.156,No data,"20,000"
,Box:10 PC:7,Area 6 LCP-LR-01,,T1,No data,,11.156,No data,"20,000"
,Box:10 PC:7,Area 6 LCP-LR-01,,T1,No data,,11.156,No data,"20,000"
,Box:10 PC:7,Area 6 LCP-LR-01,,T1,No data,,11.156,No data,"20,000"
,Area 61 LR TOILET FEMALE,,,,,,,,
,Box:12 PC:3,Area 61 LR TOILET FEMALE,,I22 MOTION FEMALE,No data,,4.993,No data,"20,000"
,Box:12 PC:3,Area 61 LR TOILET FEMALE,,I22 MOTION FEMALE,No data,,4.993,No data,"20,000"
,Box:12 PC:3,Area 61 LR TOILET FEMALE,,I22 MOTION FEMALE,No data,,4.993,No data,"20,000"
,Box:12 PC:3,Area 61 LR TOILET FEMALE,,I22 MOTION FEMALE,No data,,4.993,No data,"20,000"
,Box:12 PC:3,Area 61 LR TOILET FEMALE,,I22 MOTION FEMALE,No data,,4.993,No data,"20,000"
,Area 7 ELCP-LR-01,,,,,,,,
,Box:12 PC:1,Area 7 ELCP-LR-01,,F22,No data,,8.845,No data,"20,000"
,Box:12 PC:1,Area 7 ELCP-LR-01,,F22,No data,,8.845,No data,"20,000"
,Box:12 PC:1,Area 7 ELCP-LR-01,,F22,No data,,8.845,No data,"20,000"
,Box:12 PC:1,Area 7 ELCP-LR-01,,F22,No data,,8.845,No data,"20,000"
,Box:12 PC:1,Area 7 ELCP-LR-01,,F22,No data,,8.845,No data,"20,000"
,Box:12 PC:1,Area 7 ELCP-LR-01,,F22,No data,,8.845,No data,"20,000"
,Box:12 PC:2,Area 7 ELCP-LR-01,,G22,No data,,11.602,No data,"20,000"
,Box:12 PC:5,Area 7 ELCP-LR-01,,E22,No data,,11.602,No data,"20,000"
,Box:12 PC:5,Area 7 ELCP-LR-01,,E22,No data,,11.602,No data,"20,000"
,Box:12 PC:5,Area 7 ELCP-LR-01,,E22,No data,,11.602,No data,"20,000"
,Box:12 PC:5,Area 7 ELCP-LR-01,,E22,No data,,11.602,No data,"20,000"
,Box:12 PC:5,Area 7 ELCP-LR-01,,E22,No data,,11.602,No data,"20,000"
,Box:12 PC:5,Area 7 ELCP-LR-01,,E22,No data,,11.602,No data,"20,000"
,Box:12 PC:5,Area 7 ELCP-LR-01,,E22,No data,,11.602,No data,"20,000"
,Box:12 PC:6,Area 7 ELCP-LR-01,,D22,No data,,11.601,No data,"20,000"
,Box:12 PC:6,Area 7 ELCP-LR-01,,D22,No data,,11.601,No data,"20,000"
,Box:12 PC:6,Area 7 ELCP-LR-01,,D22,No data,,11.601,No data,"20,000"
,Box:12 PC:6,Area 7 ELCP-LR-01,,D22,No data,,11.601,No data,"20,000"
,Box:12 PC:6,Area 7 ELCP-LR-01,,D22,No data,,11.601,No data,"20,000"
,Box:12 PC:7,Area 7 ELCP-LR-01,,V2,No data,,11.601,No data,"20,000"
,Box:12 PC:7,Area 7 ELCP-LR-01,,V2,No data,,11.601,No data,"20,000"
,Box:12 PC:8,Area 7 ELCP-LR-01,,W2,No data,,11.601,No data,"20,000"
,Box:12 PC:8,Area 7 ELCP-LR-01,,W2,No data,,11.601,No data,"20,000"
,Box:12 PC:9,Area 7 ELCP-LR-01,,X2,No data,,11.385,No data,"20,000"
,Box:12 PC:9,Area 7 ELCP-LR-01,,X2,No data,,11.385,No data,"20,000"
,Box:12 PC:10,Area 7 ELCP-LR-01,,Z2,No data,,11.602,No data,"20,000"
,Box:12 PC:10,Area 7 ELCP-LR-01,,Z2,No data,,11.602,No data,"20,000"
,Box:12 PC:11,Area 7 ELCP-LR-01,,U2,No data,,11.602,No data,"20,000"
,Box:12 PC:11,Area 7 ELCP-LR-01,,U2,No data,,11.602,No data,"20,000"
,Box:12 PC:12,Area 7 ELCP-LR-01,,T2,No data,,11.602,No data,"20,000"
,Box:12 PC:12,Area 7 ELCP-LR-01,,T2,No data,,11.602,No data,"20,000"
,Box:12 PC:12,Area 7 ELCP-LR-01,,T2,No data,,11.602,No data,"20,000"
,Box:12 PC:12,Area 7 ELCP-LR-01,,T2,No data,,11.602,No data,"20,000"
,Box:12 PC:12,Area 7 ELCP-LR-01,,T2,No data,,11.602,No data,"20,000"
,Box:12 PC:12,Area 7 ELCP-LR-01,,T2,No data,,11.602,No data,"20,000"
,Box:12 PC:12,Area 7 ELCP-LR-01,,T2,No data,,11.602,No data,"20,000"
,Box:12 PC:12,Area 7 ELCP-LR-01,,T2,No data,,11.602,No data,"20,000"
,Box:13 PC:1,Area 7 ELCP-LR-01,,N2,No data,,11.601,No data,"20,000"
,Box:13 PC:1,Area 7 ELCP-LR-01,,N2,No data,,11.601,No data,"20,000"
,Box:13 PC:1,Area 7 ELCP-LR-01,,N2,No data,,11.601,No data,"20,000"
,Box:13 PC:2,Area 7 ELCP-LR-01,,O2,No data,,11.601,No data,"20,000"
,Box:13 PC:2,Area 7 ELCP-LR-01,,O2,No data,,11.601,No data,"20,000"
,Box:13 PC:2,Area 7 ELCP-LR-01,,O2,No data,,11.601,No data,"20,000"
,Box:13 PC:3,Area 7 ELCP-LR-01,,P2,No data,,11.385,No data,"20,000"
,Box:13 PC:3,Area 7 ELCP-LR-01,,P2,No data,,11.385,No data,"20,000"
,Box:13 PC:3,Area 7 ELCP-LR-01,,P2,No data,,11.385,No data,"20,000"
,Box:13 PC:4,Area 7 ELCP-LR-01,,Q2,No data,,11.602,No data,"20,000"
,Box:13 PC:4,Area 7 ELCP-LR-01,,Q2,No data,,11.602,No data,"20,000"
,Box:13 PC:4,Area 7 ELCP-LR-01,,Q2,No data,,11.602,No data,"20,000"
,Box:13 PC:4,Area 7 ELCP-LR-01,,Q2,No data,,11.602,No data,"20,000"
,Box:13 PC:4,Area 7 ELCP-LR-01,,Q2,No data,,11.602,No data,"20,000"
,Box:13 PC:4,Area 7 ELCP-LR-01,,Q2,No data,,11.602,No data,"20,000"
,Area 8 LCP-IW-01,,,,,,,,
,Box:15 PC:1,Area 8 LCP-IW-01,,A1,No data,,13.239,No data,"20,000"
,Box:15 PC:1,Area 8 LCP-IW-01,,A1,No data,,13.239,No data,"20,000"
,Box:15 PC:1,Area 8 LCP-IW-01,,A1,No data,,13.239,No data,"20,000"
,Box:15 PC:1,Area 8 LCP-IW-01,,A1,No data,,13.239,No data,"20,000"
,Box:15 PC:1,Area 8 LCP-IW-01,,A1,No data,,13.239,No data,"20,000"
,Box:15 PC:1,Area 8 LCP-IW-01,,A1,No data,,13.239,No data,"20,000"
,Box:15 PC:1,Area 8 LCP-IW-01,,A1,No data,,13.239,No data,"20,000"
,Box:15 PC:1,Area 8 LCP-IW-01,,A1,No data,,13.239,No data,"20,000"
,Box:15 PC:1,Area 8 LCP-IW-01,,A1,No data,,13.239,No data,"20,000"
,Box:15 PC:1,Area 8 LCP-IW-01,,A1,No data,,13.239,No data,"20,000"
,Box:15 PC:1,Area 8 LCP-IW-01,,A1,No data,,13.239,No data,"20,000"
,Box:15 PC:1,Area 8 LCP-IW-01,,A1,No data,,13.239,No data,"20,000"
,Box:15 PC:1,Area 8 LCP-IW-01,,A1,No data,,13.239,No data,"20,000"
,Box:15 PC:1,Area 8 LCP-IW-01,,A1,No data,,13.239,No data,"20,000"
,Box:15 PC:1,Area 8 LCP-IW-01,,A1,No data,,13.239,No data,"20,000"
,Box:15 PC:2,Area 8 LCP-IW-01,,F1,No data,,13.639,No data,"20,000"
,Box:15 PC:2,Area 8 LCP-IW-01,,F1,No data,,13.639,No data,"20,000"
,Box:15 PC:2,Area 8 LCP-IW-01,,F1,No data,,13.639,No data,"20,000"
,Box:15 PC:2,Area 8 LCP-IW-01,,F1,No data,,13.639,No data,"20,000"
,Box:15 PC:2,Area 8 LCP-IW-01,,F1,No data,,13.639,No data,"20,000"
,Box:15 PC:2,Area 8 LCP-IW-01,,F1,No data,,13.639,No data,"20,000"
,Box:15 PC:2,Area 8 LCP-IW-01,,F1,No data,,13.639,No data,"20,000"
,Box:15 PC:2,Area 8 LCP-IW-01,,F1,No data,,13.639,No data,"20,000"
,Box:15 PC:2,Area 8 LCP-IW-01,,F1,No data,,13.639,No data,"20,000"
,Box:15 PC:2,Area 8 LCP-IW-01,,F1,No data,,13.639,No data,"20,000"
,Box:15 PC:2,Area 8 LCP-IW-01,,F1,No data,,13.639,No data,"20,000"
,Box:15 PC:2,Area 8 LCP-IW-01,,F1,No data,,13.639,No data,"20,000"
,Box:15 PC:2,Area 8 LCP-IW-01,,F1,No data,,13.639,No data,"20,000"
,Box:15 PC:2,Area 8 LCP-IW-01,,F1,No data,,13.639,No data,"20,000"
,Box:15 PC:2,Area 8 LCP-IW-01,,F1,No data,,13.639,No data,"20,000"
,Box:15 PC:2,Area 8 LCP-IW-01,,F1,No data,,13.639,No data,"20,000"
,Box:15 PC:2,Area 8 LCP-IW-01,,F1,No data,,13.639,No data,"20,000"
,Box:15 PC:3,Area 8 LCP-IW-01,,G1,No data,,13.639,No data,"20,000"
,Box:15 PC:3,Area 8 LCP-IW-01,,G1,No data,,13.639,No data,"20,000"
,Box:15 PC:3,Area 8 LCP-IW-01,,G1,No data,,13.639,No data,"20,000"
,Box:15 PC:3,Area 8 LCP-IW-01,,G1,No data,,13.639,No data,"20,000"
,Box:15 PC:3,Area 8 LCP-IW-01,,G1,No data,,13.639,No data,"20,000"
,Box:15 PC:3,Area 8 LCP-IW-01,,G1,No data,,13.639,No data,"20,000"
,Box:15 PC:3,Area 8 LCP-IW-01,,G1,No data,,13.639,No data,"20,000"
,Box:15 PC:3,Area 8 LCP-IW-01,,G1,No data,,13.639,No data,"20,000"
,Box:15 PC:3,Area 8 LCP-IW-01,,G1,No data,,13.639,No data,"20,000"
,Box:15 PC:3,Area 8 LCP-IW-01,,G1,No data,,13.639,No data,"20,000"
,Box:15 PC:3,Area 8 LCP-IW-01,,G1,No data,,13.639,No data,"20,000"
,Box:15 PC:3,Area 8 LCP-IW-01,,G1,No data,,13.639,No data,"20,000"
,Box:15 PC:3,Area 8 LCP-IW-01,,G1,No data,,13.639,No data,"20,000"
,Box:15 PC:3,Area 8 LCP-IW-01,,G1,No data,,13.639,No data,"20,000"
,Box:15 PC:3,Area 8 LCP-IW-01,,G1,No data,,13.639,No data,"20,000"
,Box:15 PC:3,Area 8 LCP-IW-01,,G1,No data,,13.639,No data,"20,000"
,Box:15 PC:3,Area 8 LCP-IW-01,,G1,No data,,13.639,No data,"20,000"
,Box:15 PC:3,Area 8 LCP-IW-01,,G1,No data,,13.639,No data,"20,000"
,Box:15 PC:3,Area 8 LCP-IW-01,,G1,No data,,13.639,No data,"20,000"
,Box:15 PC:3,Area 8 LCP-IW-01,,G1,No data,,13.639,No data,"20,000"
,Box:15 PC:3,Area 8 LCP-IW-01,,G1,No data,,13.639,No data,"20,000"
,Box:15 PC:3,Area 8 LCP-IW-01,,G1,No data,,13.639,No data,"20,000"
,Box:15 PC:3,Area 8 LCP-IW-01,,G1,No data,,13.639,No data,"20,000"
,Box:15 PC:3,Area 8 LCP-IW-01,,G1,No data,,13.639,No data,"20,000"
,Box:15 PC:3,Area 8 LCP-IW-01,,G1,No data,,13.639,No data,"20,000"
,Box:15 PC:3,Area 8 LCP-IW-01,,G1,No data,,13.639,No data,"20,000"
,Box:15 PC:3,Area 8 LCP-IW-01,,G1,No data,,13.639,No data,"20,000"
,Box:15 PC:3,Area 8 LCP-IW-01,,G1,No data,,13.639,No data,"20,000"
,Box:15 PC:3,Area 8 LCP-IW-01,,G1,No data,,13.639,No data,"20,000"
,Box:15 PC:3,Area 8 LCP-IW-01,,G1,No data,,13.639,No data,"20,000"
,Box:15 PC:3,Area 8 LCP-IW-01,,G1,No data,,13.639,No data,"20,000"
,Box:15 PC:3,Area 8 LCP-IW-01,,G1,No data,,13.639,No data,"20,000"
,Box:15 PC:3,Area 8 LCP-IW-01,,G1,No data,,13.639,No data,"20,000"
,Box:15 PC:3,Area 8 LCP-IW-01,,G1,No data,,13.639,No data,"20,000"
,Box:15 PC:3,Area 8 LCP-IW-01,,G1,No data,,13.639,No data,"20,000"
,Box:15 PC:3,Area 8 LCP-IW-01,,G1,No data,,13.639,No data,"20,000"
,Box:15 PC:3,Area 8 LCP-IW-01,,G1,No data,,13.639,No data,"20,000"
,Box:15 PC:4,Area 8 LCP-IW-01,,J1,No data,,18.039,No data,"20,000"
,Box:15 PC:4,Area 8 LCP-IW-01,,J1,No data,,18.039,No data,"20,000"
,Box:15 PC:4,Area 8 LCP-IW-01,,J1,No data,,18.039,No data,"20,000"
,Box:15 PC:4,Area 8 LCP-IW-01,,J1,No data,,18.039,No data,"20,000"
,Box:15 PC:4,Area 8 LCP-IW-01,,J1,No data,,18.039,No data,"20,000"
,Box:15 PC:4,Area 8 LCP-IW-01,,J1,No data,,18.039,No data,"20,000"
,Box:15 PC:4,Area 8 LCP-IW-01,,J1,No data,,18.039,No data,"20,000"
,Box:15 PC:4,Area 8 LCP-IW-01,,J1,No data,,18.039,No data,"20,000"
,Box:15 PC:5,Area 8 LCP-IW-01,,K1,No data,,13.639,No data,"20,000"
,Box:15 PC:5,Area 8 LCP-IW-01,,K1,No data,,13.639,No data,"20,000"
,Box:15 PC:5,Area 8 LCP-IW-01,,K1,No data,,13.639,No data,"20,000"
,Box:15 PC:5,Area 8 LCP-IW-01,,K1,No data,,13.639,No data,"20,000"
,Box:15 PC:5,Area 8 LCP-IW-01,,K1,No data,,13.639,No data,"20,000"
,Box:15 PC:5,Area 8 LCP-IW-01,,K1,No data,,13.639,No data,"20,000"
,Box:15 PC:5,Area 8 LCP-IW-01,,K1,No data,,13.639,No data,"20,000"
,Box:15 PC:5,Area 8 LCP-IW-01,,K1,No data,,13.639,No data,"20,000"
,Area 9 ELCP-IW-01,,,,,,,,
,Box:16 PC:1,Area 9 ELCP-IW-01,,A2,No data,,13.239,No data,"20,000"
,Box:16 PC:1,Area 9 ELCP-IW-01,,A2,No data,,13.239,No data,"20,000"
,Box:16 PC:1,Area 9 ELCP-IW-01,,A2,No data,,13.239,No data,"20,000"
,Box:16 PC:1,Area 9 ELCP-IW-01,,A2,No data,,13.239,No data,"20,000"
,Box:16 PC:1,Area 9 ELCP-IW-01,,A2,No data,,13.239,No data,"20,000"
,Box:16 PC:2,Area 9 ELCP-IW-01,,E2,No data,,13.239,No data,"20,000"
,Box:16 PC:2,Area 9 ELCP-IW-01,,E2,No data,,13.239,No data,"20,000"
,Box:16 PC:2,Area 9 ELCP-IW-01,,E2,No data,,13.239,No data,"20,000"
,Box:16 PC:2,Area 9 ELCP-IW-01,,E2,No data,,13.239,No data,"20,000"
,Box:16 PC:2,Area 9 ELCP-IW-01,,E2,No data,,13.239,No data,"20,000"
,Box:16 PC:2,Area 9 ELCP-IW-01,,E2,No data,,13.239,No data,"20,000"
,Box:16 PC:3,Area 9 ELCP-IW-01,,F2,No data,,13.239,No data,"20,000"
,Box:16 PC:3,Area 9 ELCP-IW-01,,F2,No data,,13.239,No data,"20,000"
,Box:16 PC:3,Area 9 ELCP-IW-01,,F2,No data,,13.239,No data,"20,000"
,Box:16 PC:3,Area 9 ELCP-IW-01,,F2,No data,,13.239,No data,"20,000"
,Box:16 PC:3,Area 9 ELCP-IW-01,,F2,No data,,13.239,No data,"20,000"
,Box:16 PC:3,Area 9 ELCP-IW-01,,F2,No data,,13.239,No data,"20,000"
,Box:16 PC:3,Area 9 ELCP-IW-01,,F2,No data,,13.239,No data,"20,000"
,Box:16 PC:3,Area 9 ELCP-IW-01,,F2,No data,,13.239,No data,"20,000"
,Box:16 PC:3,Area 9 ELCP-IW-01,,F2,No data,,13.239,No data,"20,000"
,Box:16 PC:3,Area 9 ELCP-IW-01,,F2,No data,,13.239,No data,"20,000"
,Box:16 PC:4,Area 9 ELCP-IW-01,,G2,No data,,13.239,No data,"20,000"
,Box:16 PC:4,Area 9 ELCP-IW-01,,G2,No data,,13.239,No data,"20,000"
,Box:16 PC:4,Area 9 ELCP-IW-01,,G2,No data,,13.239,No data,"20,000"
,Box:16 PC:4,Area 9 ELCP-IW-01,,G2,No data,,13.239,No data,"20,000"
,Box:16 PC:4,Area 9 ELCP-IW-01,,G2,No data,,13.239,No data,"20,000"
,Box:16 PC:5,Area 9 ELCP-IW-01,,H2,No data,,13.239,No data,"20,000"
,Box:16 PC:5,Area 9 ELCP-IW-01,,H2,No data,,13.239,No data,"20,000"
,Box:16 PC:5,Area 9 ELCP-IW-01,,H2,No data,,13.239,No data,"20,000"
,Box:16 PC:5,Area 9 ELCP-IW-01,,H2,No data,,13.239,No data,"20,000"
,Box:16 PC:5,Area 9 ELCP-IW-01,,H2,No data,,13.239,No data,"20,000"
,Box:16 PC:6,Area 9 ELCP-IW-01,,I2,No data,,8.051,No data,"20,000"
,Box:16 PC:6,Area 9 ELCP-IW-01,,I2,No data,,8.051,No data,"20,000"
,Box:16 PC:6,Area 9 ELCP-IW-01,,I2,No data,,8.051,No data,"20,000"
,Box:16 PC:6,Area 9 ELCP-IW-01,,I2,No data,,8.051,No data,"20,000"
,Box:16 PC:6,Area 9 ELCP-IW-01,,I2,No data,,8.051,No data,"20,000"
,Box:16 PC:6,Area 9 ELCP-IW-01,,I2,No data,,8.051,No data,"20,000"
,Box:16 PC:6,Area 9 ELCP-IW-01,,I2,No data,,8.051,No data,"20,000"
,Box:16 PC:6,Area 9 ELCP-IW-01,,I2,No data,,8.051,No data,"20,000"
,Box:16 PC:6,Area 9 ELCP-IW-01,,I2,No data,,8.051,No data,"20,000"
,Box:16 PC:6,Area 9 ELCP-IW-01,,I2,No data,,8.051,No data,"20,000"
,Box:16 PC:6,Area 9 ELCP-IW-01,,I2,No data,,8.051,No data,"20,000"
,Box:16 PC:7,Area 9 ELCP-IW-01,,J2,No data,,9.047,No data,"20,000"
,Box:16 PC:7,Area 9 ELCP-IW-01,,J2,No data,,9.047,No data,"20,000"
,Box:16 PC:7,Area 9 ELCP-IW-01,,J2,No data,,9.047,No data,"20,000"
,Box:16 PC:7,Area 9 ELCP-IW-01,,J2,No data,,9.047,No data,"20,000"
,Box:16 PC:7,Area 9 ELCP-IW-01,,J2,No data,,9.047,No data,"20,000"
,Box:16 PC:7,Area 9 ELCP-IW-01,,J2,No data,,9.047,No data,"20,000"
,Box:16 PC:7,Area 9 ELCP-IW-01,,J2,No data,,9.047,No data,"20,000"
,Box:16 PC:7,Area 9 ELCP-IW-01,,J2,No data,,9.047,No data,"20,000"
,Box:16 PC:7,Area 9 ELCP-IW-01,,J2,No data,,9.047,No data,"20,000"
,Box:16 PC:7,Area 9 ELCP-IW-01,,J2,No data,,9.047,No data,"20,000"
